,timepoint,nodes,edges,density,avg_degree,avg_clustering,components,transitivity,assortativity,avg_degree_centrality,avg_betweenness,avg_closeness,top_node_by_degree,top_node_by_betweenness,top_node_by_closeness,diameter,avg_shortest_path_length,delta_edges,delta_density,delta_avg_degree,delta_avg_clustering,delta_avg_degree_centrality,delta_avg_betweenness,delta_avg_closeness
0,20-29,10,6,0.13333333333333333,1.2,0.4,7,1.0,,0.13333333333333333,0.0,0.13333333333333333,GCKR,GCKR,GCKR,1,1.0,0,0.0,0.0,0.0,0.0,0.0,0.0
1,30-39,10,6,0.13333333333333333,1.2,0.4,7,1.0,,0.13333333333333333,0.0,0.13333333333333333,GCKR,GCKR,GCKR,1,1.0,0,0.0,0.0,0.0,0.0,0.0,0.0
2,40-49,10,12,0.26666666666666666,2.4,0.3833333333333333,2,0.625,0.2666666666666666,0.26666666666666666,0.030555555555555555,0.3205467372134039,GCKR,SREBF1,GCKR,3,1.4666666666666666,6,0.13333333333333333,1.2,-0.01666666666666672,0.13333333333333333,0.030555555555555555,0.18721340388007054
3,50-59,10,6,0.13333333333333333,1.2,0.4,7,1.0,,0.13333333333333333,0.0,0.13333333333333333,GCKR,GCKR,GCKR,1,1.0,-6,-0.13333333333333333,-1.2,0.01666666666666672,-0.13333333333333333,-0.030555555555555555,-0.18721340388007054
4,60-69,10,8,0.17777777777777778,1.6,0.4,5,1.0,0.9999999999999996,0.17777777777777776,0.0,0.17777777777777776,GCKR,GCKR,GCKR,1,1.0,2,0.04444444444444445,0.40000000000000013,0.0,0.044444444444444425,0.0,0.044444444444444425
5,70-79,10,17,0.37777777777777777,3.4,0.6,3,0.9836065573770492,0.9547872340425526,0.37777777777777777,0.0027777777777777775,0.3851851851851852,GCKR,INSR,GCKR,1,1.0,9,0.19999999999999998,1.7999999999999998,0.19999999999999996,0.2,0.0027777777777777775,0.20740740740740743
